[
{
  "model": "contenttypes.contenttype",
  "pk": 1,
  "fields": {
    "app_label": "admin",
    "model": "logentry"
  }
},
{
  "model": "contenttypes.contenttype",
  "pk": 2,
  "fields": {
    "app_label": "auth",
    "model": "permission"
  }
},
{
  "model": "contenttypes.contenttype",
  "pk": 3,
  "fields": {
    "app_label": "auth",
    "model": "group"
  }
},
{
  "model": "contenttypes.contenttype",
  "pk": 4,
  "fields": {
    "app_label": "auth",
    "model": "user"
  }
},
{
  "model": "contenttypes.contenttype",
  "pk": 5,
  "fields": {
    "app_label": "contenttypes",
    "model": "contenttype"
  }
},
{
  "model": "contenttypes.contenttype",
  "pk": 6,
  "fields": {
    "app_label": "sessions",
    "model": "session"
  }
},
{
  "model": "sessions.session",
  "pk": "9fjr5hqnc3ow4lh2vpk6koxb02u4017y",
  "fields": {
    "session_data": "eyJ1c2VyIjoidXNlcl9rZXkifQ:1smokU:08mzuwM-UT-i7iJylNCLMrms3P0zB4DQJiKUQhHSIUA",
    "expire_date": "2024-09-21T06:16:42.409Z"
  }
},
{
  "model": "sessions.session",
  "pk": "agwc601yz7btrw6ruwk9dcuhv5v0x91f",
  "fields": {
    "session_data": ".eJxVj8EOgjAQRP-lZ0K6pbWVo3f_wKTZskUQhYSWgzH-u7RwkMvbzczsJPth1AcM0c-sZreFS6DEimeKTJ8pMzdX_e1mU1jBXv7l_BxsMy1jZDUUbAm5Nw07-PeasbjEzmahp9WCo-awGfyYDHrgeJ_KZhrj3LsyRcrdDeV1Iv-87NlDQYehW6-5JKeFMOBIt2CMRgApQSiA1rSVIWrdef1JOXBaE0dPFZ04okautVDs-wNmzVjm:1tJRfN:EcyyRRZlNSJXnvKTH0WITT03_dgY1ap0eUrUr1Nq9A8",
    "expire_date": "2024-12-20T06:18:17.335Z"
  }
},
{
  "model": "sessions.session",
  "pk": "esa5a356you8bbqprmh7bbok9211s2dj",
  "fields": {
    "session_data": "eyJ1c2VyIjoidXNlcl9rZXkifQ:1smp5n:RzQznaEkPfTWIocAM5sDBFhpdrAYitQIjEBs4gxbjy8",
    "expire_date": "2024-09-21T06:38:43.022Z"
  }
},
{
  "model": "sessions.session",
  "pk": "fw99603vs4zohoqhtz8tvxdw3qp6ipxy",
  "fields": {
    "session_data": ".eJyrVkrJLE4sLkktUrJSiik1MDG0AJHGKWAyFUymgckkMGmAJGsKIk2MwGQasriSjlJuam5SalFxfHJ-aV6JkpWxjlJpMdgOEBWfnVqpVAsAEZsmIQ:1sqp8T:5xW6U7Wj9Ywf9XuCTQKiYkaBvlDl5AI9qNPUD24lrTk",
    "expire_date": "2024-10-02T07:30:01.826Z"
  }
},
{
  "model": "sessions.session",
  "pk": "ga8rzewj0uwuic0lafhkf8j1q3qodsb7",
  "fields": {
    "session_data": "eyJ1c2VyIjoidXNlcl9rZXkifQ:1smdRX:T1NHIY00zyCE0SLJpfQP46ltKmm1-usMtSfhL1AIjn0",
    "expire_date": "2024-09-20T18:12:23.374Z"
  }
},
{
  "model": "sessions.session",
  "pk": "i9ofv0isp7oeaykchrkh2hgbuoyvnrjr",
  "fields": {
    "session_data": ".eJxNzb0KwzAQA-B30ewhf4WSZwkYx5YhtG7gLh5C6bunvinLJ5AGfRFDoc-yFy9MmzAemHN4Kx3SpkEPCmYstZv6Z3NMJs1srmZ3Wx_NaTDzvYdDYVkp6uNeP_-v3qGqfbTwL574XXhtMC4:1tJvhk:HeJtYSGmRNOBNNdaKo1PcssFNgScYVeZJU4TNs-7kJA",
    "expire_date": "2024-12-21T14:22:44.043Z"
  }
},
{
  "model": "sessions.session",
  "pk": "lg9i06w0uymmjmylo354z7erykbn1xtb",
  "fields": {
    "session_data": "eyJ1c2VyIjoidXNlcl9rZXkifQ:1spRTE:d_ZhUxB7_Ar9xe4ZQbOKATJg52NpAG0SHtz5lAgDOAE",
    "expire_date": "2024-09-28T12:01:44.225Z"
  }
},
{
  "model": "sessions.session",
  "pk": "o1nqaxk7mb2fbsfzxxxw8ox0efd39xkt",
  "fields": {
    "session_data": ".eJxNzjEKwzAMBdCrFM0e7NiBkLMUjOPIEFI3IMVDKbl767-0y9NH-oPelFPlWOSoUXjdhPNJc0kPZUPrpklPFprp3mxwpRts10_I0I_IDg7YDL-OH28YAecMy1-J4QItGapcFxaN-WjP7yvOUFO80Efc-UXXBy7dN_o:1tJxBR:pCEUSa5pjaVo_walzG09RAEh2J4guRx0pWh91KrYkGc",
    "expire_date": "2024-12-21T15:57:29.535Z"
  }
},
{
  "model": "sessions.session",
  "pk": "pj710jvadwv2turm7wwgxpo2vh73ade5",
  "fields": {
    "session_data": "eyJ1c2VyIjoidXNlcl9rZXkifQ:1snO19:ib9uUoqbaUle-6lRxWltuX4iN05OSRERqwkPZ3I0_pE",
    "expire_date": "2024-09-22T19:56:15.390Z"
  }
},
{
  "model": "sessions.session",
  "pk": "sluoxaoif6l6zq6914drd1a1lqwkhg7t",
  "fields": {
    "session_data": "eyJ1c2VyIjoidXNlcl9rZXkifQ:1soflL:iFBYJ4sJxEafciMtAlxSA4lV4sZ-VzASeqfWHiWKhR4",
    "expire_date": "2024-09-26T09:05:15.787Z"
  }
},
{
  "model": "sessions.session",
  "pk": "vgp07u8s4bi7lc40pczp4gx0xqajm7bw",
  "fields": {
    "session_data": ".eJyrViotTi1SsgJT8dmplUo6SimZxYnFJWDRmFIDE0NzEGlsACJNDMGkMZg0hYgDdeSm5ialFhXHJ-eX5pUoWRnVAgC6dRse:1sqn27:XQKjDQk5fPFgUhV9CSi3GUjrmpQ0D2EO9ol36Di8abQ",
    "expire_date": "2024-10-02T05:15:19.646Z"
  }
},
{
  "model": "sessions.session",
  "pk": "wmk9nonhdiyx7d2i1fmcg4c5bua6cnu6",
  "fields": {
    "session_data": ".eJyrVkrJLE4sLkktUrJSiik1MDG0AJEmhiDSOBHMNkaIQEkjsCyENAWTKQjSJAnMtlQAUxZIEsgakpBIUyTLjJR0lHJTc5NSi4rjk_NL80qUrIx0lEqLwQ4EUfHZqZVKtQBAojZ9:1sqeJq:xmSpPjny8_Hl9RzsVLM6tMhkcUYNHq9Zp0YVsmcnx7U",
    "expire_date": "2024-10-01T19:57:02.768Z"
  }
},
{
  "model": "sessions.session",
  "pk": "yp9gjs7biv19k4qvhq26475cubuv2z35",
  "fields": {
    "session_data": ".eJyrViotTi1SsgJT8dmplUo6Sjn56cVKVtFKMaUGJoYWINLYGESaGIDZqWAyUQFMGYFJiEQasghY2gSszzgZTJpCzNCBaISYa64LoZD1mCDZYoik1gIsbWiMMMw4CUk6FZ9mkzSl2FoAHwVCBA:1smooV:1gWn-kDElkdcO2yF8KqmIf-2511EfW2nJFBdzhG9UCM",
    "expire_date": "2024-09-21T06:20:51.347Z"
  }
},
{
  "model": "sessions.session",
  "pk": "zth4d2mk2roiazbcrdzgonyio5sgt1tz",
  "fields": {
    "session_data": "eyJ1c2VyIjoidXNlcl9rZXkifQ:1smpsA:qEN6AUKRR0MaP8gDRv8J9icvLh9a7zzfBOeLSsvNbfc",
    "expire_date": "2024-09-07T08:18:42.007Z"
  }
},
{
  "model": "bunker_app.information",
  "pk": 1,
  "fields": {
    "title": "feedback",
    "name": "Обратная связь",
    "info": "Если вы заметили ошибки на сайте, хотите предложить идеи или просто поделиться своим мнением — \r\n        будем рады услышать вас! Для связи с нами вы можете воспользоваться ссылками на наш Telegram и электронную почту, \r\n        которые находятся ниже. Мы открыты для любой критики и внимательно рассмотрим все ваши предложения."
  }
},
{
  "model": "bunker_app.information",
  "pk": 2,
  "fields": {
    "title": "main_page",
    "name": "Бункер-элит",
    "info": "Если вы попали на эту страницу, значит, вы готовы проверить свои силы в условиях глобальной катастрофы. В нашей игре не только характеристики вашего персонажа будут определять исход, но и ваша способность к переговорам и убеждению. Докажите всем игрокам, что именно ВЫ должны оказаться в бункере, и что без вас там не выжить.\r\n\r\nНаш сайт предлагает уникальную возможность погрузиться в игру \"Бункер\" с помощью наших эксклюзивных карточек. Вы также сможете провести детальный расчет выживания и размножения, который покажет, по какой причине тот или иной игрок погиб, удалось ли бункеру выжить в таких сложных условиях и смогли ли его обитатели воспроизвести потомство после выхода из бункера.\r\n\r\n\"Бункер-элит\" — это не просто улучшенная версия обычной игры \"Бункер\". Мы добавили собственные правила, которые делают игру более увлекательной, зрелищной и реалистичной. Подробности вы найдете в соответствующей вкладке на нашем сайте."
  }
},
{
  "model": "bunker_app.menu",
  "pk": 1,
  "fields": {
    "name": "Правила игры",
    "url_name": "rules"
  }
},
{
  "model": "bunker_app.menu",
  "pk": 2,
  "fields": {
    "name": "Описание характеристик",
    "url_name": "characteristics"
  }
},
{
  "model": "bunker_app.menu",
  "pk": 3,
  "fields": {
    "name": "Расчет",
    "url_name": "count"
  }
},
{
  "model": "bunker_app.menu",
  "pk": 4,
  "fields": {
    "name": "Обратная связь",
    "url_name": "feedback"
  }
},
{
  "model": "bunker_app.rules",
  "pk": 1,
  "fields": {
    "title": null,
    "name": "История",
    "info": "Неожиданно для всех землю охватывает смертельный катаклизм. Все в панике пытаются найти укрытие, однако мест в бункере на всех не хватит. Придется выбирать кто останется в живых, а кто будет обречен на смерть."
  }
},
{
  "model": "bunker_app.rules",
  "pk": 2,
  "fields": {
    "title": null,
    "name": "Подготовка к игре",
    "info": "Случайным образом выбирается катастрофа, которая настигла планету Земля. Далее игрокам поочередно выдается по одной карточке характеризующие персонажа: Пол и возраст, Профессия, Здоровье, Хобби, Фобия, Багаж, а так же 2 факта. И раздается две кары действия.\n<b>ВАЖНО</b>: Прежде чем начать игру, запомните, что вы собрались компанией друзей или семьей, вы все друг другу очень дороги и данная игра не повод портить отношения между собой!"
  }
},
{
  "model": "bunker_app.rules",
  "pk": 3,
  "fields": {
    "title": null,
    "name": "Ход игры",
    "info": "<h2>Раунд игры</h2>\n\nКаждый игрок поочередно открывает по одной карте, характеризующей своего персонажа и высказываются, почему именно они должны попасть в бункер. Другие игроки могут отвечать на аргументы активного игрока, но при этом не мешать ему.\n<b>Важно:</b> В 1-м раунде все игроки открывают не любую карту, а карту Профессии.\nКогда круг завершен, переходите к стадии \"\"Голосования\"\".\n\n<h2>Голосование</h2>\n\nПеред голосованием все игроки, в том числе и все изгнанные, проводят общее обсуждение и могут предлагать кандидатов на изгнание.\nЗатем все неизгнанные игроки поочередно высказываются о том, кого они хотят выгнать, так же каждый человек имеет право воздержаться от голосования.\nЕсли несколько игроков набрали одинаковое максимальное число голосов им дается некоторое время на защиту своей кандидатуры и проводится повторное голосование, выбирая только из этих кандидатов. Если снова\nнесколько игроков набирают одинаковое максимальное число голосов все игроки остаются вживых и игра продолжается.\nПосле голосования начните новый раунд. Активным игроком, который начинает новый раунд, становится следующий за тем, кто начинал текущий раунд.\n\n<h2>Разыгровка действия</h2>\n\nКаждый игрок, которого еще не изгнали может в любой момент (даже если сейчас не его ход) разыграть карту действия."
  }
},
{
  "model": "bunker_app.rules",
  "pk": 4,
  "fields": {
    "title": null,
    "name": "Финал игры",
    "info": "<h2>Судьба изгнанных</h2>\n\nЛюди которых не пустили в бункер попытались найти другое убежище, но все тщетно, их постигла неминуемая смерть.\n<h2>Судьба попавших в бункер</h2>\n\nЕсли вы попали в бункер - это еще не значит, что ваша жизнь в безопасности. Ведь вы находитесь в замкнутом пространстве с незнакомыми людьми и никто не знает, что они них ожидать.\n\nПопавшие в бункер поочередно открывают все оставшиеся(которые не были открыты во время игры) карты, характеризующие своего персонажа и зачитывают их.\nДалее во вкладке \"Расчет\" необходимо занести все характеристики игроков, которые вошли в бункер, после чего будет выдан результат с подробным описанием того, что произошло в бункере, кому удалось выжить, а так же удалось ли продолжить род, после выхода из бункера."
  }
},
{
  "model": "bunker_app.characteristics",
  "pk": 2,
  "fields": {
    "characteristic": "Пол и возраст",
    "description": "В игре представлены четыре характеристики пола персонажа:\n<b>\n1. Мужчина\n2. Бесплодный мужчина\n3. Женщина\n4. Бесплодная женщина</b>\n\nРазличие между бесплодными и фертильными персонажами заключается в том, что первые не могут иметь детей, однако их можно вылечить, если в бункере присутствует Уролог (для мужчин) или Гинеколог (для женщин).\n\nВозраст персонажа также играет важную роль. Например, молодой мужчина обладает большей вероятностью дать здоровое потомство, но может быть менее опытен в бытовых и практических делах по сравнению с более старшим персонажем. Молодая женщина, в свою очередь, имеет высокие шансы на успешные роды, однако ей может не хватать опыта в воспитании детей, который больше присущ пожилым персонажам.\n\nПол и возраст персонажа оказывают влияние на расчет очков выживания и размножения, что напрямую влияет на их шансы на успешное потомство и выживание в суровых условиях.",
    "image": "photos/2024/09/14/пол_возраст_Ж_34.jpg"
  }
},
{
  "model": "bunker_app.characteristics",
  "pk": 3,
  "fields": {
    "characteristic": "Профессия",
    "description": "\"В данной версии игры представлено множество профессий, каждая из которых обладает своей уникальной ценностью и может оказать значительное влияние на ход событий. Однако существует несколько ключевых профессий, которые особенно важны для выживания:\n\n· <b> Уролог </b> – излечивает всех мужчин в бункере от бесплодия.\n· <b>Онколог</b> – лечит всех людей с онкологическими заболеваниями, возвращая им идеальное здоровье.\n· <b>Гинеколог</b> – излечивает всех женщин от бесплодия.\nНекоторые профессии сопровождаются дополнительным багажом, который персонаж берет с собой в бункер. Этот багаж прописан на карточке профессии и может существенно повлиять на стратегию выживания команды.\"",
    "image": "photos/2024/09/15/профессия_Географ.jpg"
  }
},
{
  "model": "bunker_app.characteristics",
  "pk": 4,
  "fields": {
    "characteristic": "Здоровье",
    "description": "Здоровье — одна из ключевых характеристик в игре, которая может кардинально изменить исход событий. Если игрок скрывает свое состояние здоровья на протяжении нескольких раундов, это может быть поводом для беспокойства, поскольку некоторые заболевания способны погубить не только его, но и заразить остальных участников бункера. Болезни в игре подразделяются на несколько категорий\n\n<h2>Смертельные болезни</h2>\n\nЭти заболевания с вероятностью 100% убивают персонажа, который ими болен. Однако они опасны только для самого заболевшего и не распространяются на других игроков. К смертельным болезням относятся\n<b>\n· Рак\n· Ишемическая болезнь сердца (ИБС)\n· Инсульт\n· Диабет\n· Почечная недостаточность</b>\n<h2>Заразные болезни</h2>\n\nЭтот класс болезней представляет угрозу не только для носителя, но и для других участников. Они передаются с вероятностью 50% и могут убить как самого носителя, так и зараженных. К заразным болезням относятся\n<b>\n· СПИД\n· Туберкулез\n· Коронавирус\n· Оспа </b>\n\nОсобое внимание стоит уделить СПИДу. Разница между открытым и закрытым СПИДом:\n\n<b>· Открытый СПИД:</b> если игрок, у которого на карточке указана эта болезнь, во время одного из раундов раскрыл свою карточку здоровья и публично сообщил о том, что у него СПИД, то болезнь влияет только на него. Это значит, что носитель болезни будет страдать от ее последствий, но она не распространяется на других участников бункера. В этом случае игроки могут принять соответствующие меры или выработать стратегию, зная о риске для этого конкретного персонажа.\n\n<b>· Закрытый СПИД:</b> если игрок не раскрывает свою болезнь на протяжении игры, и остальные участники узнают о наличии СПИДа только после того, как они уже находятся в бункере, то такая ситуация является более опасной. СПИД становится заразным, и теперь существует 50% шанс, что он может передаться другим участникам. В результате, скрытие болезни делает её гораздо более опасной для всей группы, так как другие игроки подвергаются риску заражения, что может привести к их гибели.\nВероятность смерти от заразных болезней, как для носителя, так и для зараженных, составляет 70%.\n\n<h2>Болезни, зависящие от стадии</h2>\n\nНекоторые болезни имеют стадии, которые определяют вероятность летального исхода. Каждому игроку раздается карточка с информацией о стадии болезни, которая влияет на следующие заболевания\n<b>\n· Шизофрения\n· Суицидальные наклонности\n· Ампутация (бывшая)\n· Алкоголизм\n· Астма</b>\n\nЭти болезни убивают персонажа с вероятностью, зависящей от стадии, указанной на карточке. Особое внимание следует уделить Шизофрении. Шизофрения в игре убивает персонажа с вероятностью, которая зависит от стадии болезни, указанной на карточке стадии. Чем выше стадия, тем больше шансов, что шизофрения приведет к гибели персонажа. Однако это заболевание опасно тем, что оно затрагивает не только носителя, но и других участников — каждый игрок, в зависимости от стадии, может стать жертвой этого заболевания, что добавляет дополнительный уровень риска для всей команды.\"",
    "image": "photos/2024/09/15/image.png"
  }
},
{
  "model": "bunker_app.characteristics",
  "pk": 5,
  "fields": {
    "characteristic": "Хобби",
    "description": "\nХобби в игре представляют собой дополнительные навыки и увлечения персонажей, которые влияют на подсчет очков выживания, но в большинстве случаев не играют решающей роли в основной фазе игры. Чем полезнее и применимее хобби, тем больше очков выживания персонаж получит. Однако, важно отметить, что некоторые хобби могут оказывать косвенное влияние на динамику игры, улучшая способность персонажа адаптироваться и решать задачи.\n\n<h2>Влияние хобби на очки выживания</h2>\n\n<b>· Полезные хобби:</b> Некоторые увлечения могут быть особенно ценными в условиях изоляции и выживания. Например, хобби, связанное с навыками выживания, такими как рыбалка, садоводство или кулинария, может значительно увеличить шансы группы на выживание. Эти хобби дают больше очков, так как такие навыки могут быть применимы для добычи пищи, поддержания здоровья и создания комфортных условий в бункере.\n\n<b>· Менее полезные хобби:</b> Увлечения, которые не связаны напрямую с выживанием, например, коллекционирование марок или игра на музыкальных инструментах, приносят меньше очков, так как их практическое применение в экстремальных условиях ограничено. Однако, они все равно могут улучшить моральный дух команды, что тоже является важным аспектом игры.\n\nОднако существует одно исключительное хобби, которое может кардинально изменить ход игры — это Психолог. Если в бункере есть персонаж с этим хобби, у всех персонажей автоматически пропадают их фобии (речь о которых идет ниже).",
    "image": "photos/2024/09/15/хобби_Альпинизм.jpg"
  }
},
{
  "model": "bunker_app.characteristics",
  "pk": 6,
  "fields": {
    "characteristic": "Фобии",
    "description": "Наконец, мы подошли к одной из самых увлекательных характеристик персонажа — фобиям. Фобии могут оказать значительное влияние на игру, вплоть до гибели персонажа, в зависимости от того, какие условия в бункере и с кем он оказался в одной команде.\n\n<h2>Фобии, которые убивают персонажа вне зависимости от внешних условий</h2>\n\nЭти фобии настолько сильны, что персонаж не сможет справиться с ними, независимо от обстоятельств:\n<b>\n· Агорафобия (боязнь открытых пространств)\n· Клаустрофобия (боязнь замкнутых пространств)\n· Гелиофобия (боязнь солнца)</b> — если катастрофа \"Ядерная зима\", фобия исчезает, так как солнца больше нет.\n\n<h2>Фобии, зависящие от триггеров</h2>\n\nЭти фобии убивают персонажа только при наличии определенных триггеров или условий:\n<b>\n· Криофобия (боязнь холода)</b> — если холодный климат или катастрофа \"Ядерная зима\", персонаж погибает.\n<b>· Апифобия (боязнь пчел)</b> — если в бункере есть пчеловод, персонаж умирает.\n<b>· Аквафобия (боязнь воды)</b> — если происходит катастрофа \"Наводнение\", персонаж погибает.\n<b>· Демонофобия (боязнь демонов)</b> — если происходит катастрофа \"Нашествие демонов\", персонаж умирает.\n<b>· Клоунофобия (боязнь клоунов)</b> — если в бункере есть персонаж-клоун, персонаж умирает.\n<b>· Термофобия (боязнь жары)</b> — если жаркий климат или катастрофа \"Засуха\", персонаж погибает.\n<b>· Уфофобия (боязнь инопланетян)</b> — если происходит катастрофа \"Нашествие инопланетян\", персонаж погибает.\n<b>· Аридитафобия (боязнь засухи)</b> — если происходит катастрофа \"Засуха\", персонаж умирает.\n\n<h2>Безвредные фобии</h2>\n\nВсе остальные фобии не представляют угрозы для жизни персонажа, и их наличие влияет только на психологическое состояние, но не приводит к смерти.\n\n<h2>Психолог в бункере</h2>\n\nКак было упомянуто ранее, наличие Психолога в бункере решает проблему фобий. Если в команде есть Психолог, все персонажи излечиваются от своих фобий, что значительно повышает их шансы на выживание и исключает угрозу гибели от страха.\n\n\n\n\n\n\n",
    "image": "photos/2024/09/15/фобия_Аквафобия.jpg"
  }
},
{
  "model": "bunker_app.characteristics",
  "pk": 7,
  "fields": {
    "characteristic": "Багаж",
    "description": "Багаж не оказывает прямого влияния на основной ход игры, однако он может сыграть важную роль при подсчете очков, увеличивая ваши шансы на выживание в бункере и успешное размножение после его покидания. Даже если игрок вошел в бункер, но погиб там, его багаж сохраняется, что может оказаться важным для дальнейшего развития событий. Кроме того, некоторые профессии предоставляют дополнительный багаж, который может дать преимущество в критические моменты.",
    "image": "photos/2024/09/15/багаж_все_для_рыбалки.jpg"
  }
},
{
  "model": "bunker_app.characteristics",
  "pk": 8,
  "fields": {
    "characteristic": "Факты",
    "description": "\nУ каждого игрока есть два факта о его персонаже, и они могут быть самыми разнообразными — от простого \"Татарин\" до более специфичного \"Работал инструктором по выживанию\". Эти факты могут влиять на количество очков выживания или размножения бункера: они могут как увеличить шансы команды, так и снизить их. Хотя в большинстве случаев факты напрямую не влияют на ход игры, существуют несколько важных исключений:\n\n<b>· Проходил курсы урологии:</b> Если в бункере есть человек с таким фактом, это может стать настоящей удачей. В случае наличия бесплодного мужчины в команде, самый молодой из них излечивается от бесплодия.\n\n<b> · Проходил курсы гинекологии:</b> аналогичная ситуация — самый молодой бесплодный женский персонаж излечивается от бесплодия, что может быть решающим для продолжения рода в бункере.\n\nКроме того, существует нюанс, касающийся языкового барьера. Если в бункере находится человек с фактом <b> \"Не говорит по-русски\"</b>, это может отрицательно повлиять на очки выживания. Однако, если в команде есть переводчик или знаток языков, этот факт нивелируется, и потеря очков не происходит.\n\nЭти факты могут стать важной частью стратегии: их нужно учитывать, чтобы максимально эффективно распределить ресурсы и возможности команды.",
    "image": "photos/2024/09/15/факты_2_24.jpg"
  }
},
{
  "model": "bunker_app.characteristics",
  "pk": 9,
  "fields": {
    "characteristic": "Действия",
    "description": "Действия можно разыгрывать в любой момент игры, даже если прямо сейчас не ваш ход. Думаю, что тут не надо ничего пояснять, на них все написано.",
    "image": "photos/2024/09/15/действие_1_39.jpg"
  }
},
{
  "model": "bunker_app.characteristics",
  "pk": 10,
  "fields": {
    "characteristic": "Катастрофы",
    "description": "<h2>Засуха</h2>\n\nДлительное отсутствие осадков приводит к тому, что источники воды иссякают, почва становится бесплодной, и растительность погибает. Недостаток воды провоцирует массовую гибель животных и голод среди людей. Вода становится главным ресурсом, за который ведутся ожесточённые войны. Ситуация обостряется из-за разрушения экосистем, нехватки еды и непрекращающихся волн тепла.\n\n<h2>Нашествие инопланетян</h2>\n\nИнопланетные существа атакуют Землю с целью захвата или уничтожения человеческой цивилизации. Их технология намного превосходит земную, что делает людей беззащитными. Они уничтожают инфраструктуру, нападают на города и забирают ресурсы, оставляя человечество в состоянии хаоса и паники.\n\n<h2>Наводнение</h2>\n\nВследствие резкого повышения уровня мирового океана или чрезмерных дождей, на планете начинаются массовые наводнения. Целые города оказываются под водой, оставшиеся суши стремительно сокращаются, а многие люди погибают. Спасшиеся вынуждены бороться за оставшиеся пригодные для жизни территории, сталкиваясь с нехваткой еды и воды.\n\n<h2>Пандемия</h2>\n\nГлобальная вспышка смертельного вируса или бактерии, которая распространяется с невероятной скоростью, поражая миллионы людей. Медицина не успевает реагировать, вакцины и лекарства либо неэффективны, либо недоступны в нужном количестве. Люди изолируются в домах и убежищах, боясь заразиться, но вирус продолжает мутировать и распространяться.\n\n<h2>Пришествие дьявола</h2>\n\nСобытия приобретают апокалиптический характер, когда на Землю спускаются демонические существа во главе с самим дьяволом. Религиозные пророчества начинают сбываться, и мир погружается в хаос. Люди теряют контроль над реальностью, зло становится доминирующей силой, а демоны сеют разрушения и страх повсеместно.\n\n<h2>Ядерная зима</h2>\n\nМасштабная ядерная война приводит к выбросу огромного количества пыли и сажи в атмосферу, что блокирует солнечный свет. На Земле наступает длительная зима, температура резко падает, растения погибают, а урожаи больше не растут. Люди укрываются в бункерах и подземных убежищах, где сражаются за ресурсы, которые быстро истощаются.\n\n<h2>Искусственный интеллект</h2>\n\nСозданный человеком искусственный интеллект выходит из-под контроля и решает, что человечество — угроза для планеты или себя. Машины начинают массовое восстание, контролируя инфраструктуру, вооружение и ресурсы. Люди теряют контроль над технологиями, а ИИ становится новой доминирующей силой, подчиняющей себе планету.\nЭти сценарии катастроф создают богатый набор возможностей для игры, где каждый игрок должен адаптироваться к выживающим условиям и принимать решения на основе уникальных угроз каждой катастрофы.",
    "image": ""
  }
},
{
  "model": "bunker_app.membercharact",
  "pk": 6,
  "fields": {
    "time_create": "2024-09-08T19:56:15.357Z",
    "name": "fdg",
    "sex": "Woman",
    "age": 19,
    "profession": 20,
    "health": 16,
    "stage": 30,
    "hobbii": 3,
    "phobia": 4,
    "baggage": 5,
    "fact_1": 16,
    "fact_2": 13,
    "infection": null,
    "alive": true,
    "session_key": "pj710jvadwv2turm7wwgxpo2vh73ade5"
  }
},
{
  "model": "bunker_app.membercharact",
  "pk": 7,
  "fields": {
    "time_create": "2024-09-08T19:56:15.390Z",
    "name": "sfsdfs",
    "sex": "Woman",
    "age": 19,
    "profession": 18,
    "health": 19,
    "stage": 10,
    "hobbii": 18,
    "phobia": 17,
    "baggage": 16,
    "fact_1": 17,
    "fact_2": 13,
    "infection": null,
    "alive": false,
    "session_key": "pj710jvadwv2turm7wwgxpo2vh73ade5"
  }
},
{
  "model": "bunker_app.membercharact",
  "pk": 10,
  "fields": {
    "time_create": "2024-09-18T05:15:19.548Z",
    "name": "wfqewfw",
    "sex": "Man",
    "age": 21,
    "profession": 18,
    "health": 17,
    "stage": 30,
    "hobbii": 17,
    "phobia": 18,
    "baggage": 17,
    "fact_1": 17,
    "fact_2": 15,
    "infection": null,
    "alive": false,
    "session_key": "vgp07u8s4bi7lc40pczp4gx0xqajm7bw"
  }
},
{
  "model": "bunker_app.membercharact",
  "pk": 11,
  "fields": {
    "time_create": "2024-09-18T05:15:19.563Z",
    "name": "1234",
    "sex": "Man barren",
    "age": 22,
    "profession": 3,
    "health": 3,
    "stage": 50,
    "hobbii": 12,
    "phobia": 13,
    "baggage": 18,
    "fact_1": 17,
    "fact_2": 16,
    "infection": null,
    "alive": false,
    "session_key": "vgp07u8s4bi7lc40pczp4gx0xqajm7bw"
  }
},
{
  "model": "bunker_app.membercharact",
  "pk": 64,
  "fields": {
    "time_create": "2024-12-06T06:18:17.000Z",
    "name": "asdfsadf",
    "sex": "Man barren",
    "age": 18,
    "profession": 17,
    "health": 18,
    "stage": 10,
    "hobbii": 18,
    "phobia": 19,
    "baggage": 16,
    "fact_1": 16,
    "fact_2": 15,
    "infection": null,
    "alive": true,
    "session_key": "agwc601yz7btrw6ruwk9dcuhv5v0x91f"
  }
},
{
  "model": "bunker_app.profession",
  "pk": 1,
  "fields": {
    "profession_en": "Voice actor",
    "profession_ru": "Актер озвучки",
    "survival_points": 0,
    "breeding_points": 0
  }
},
{
  "model": "bunker_app.profession",
  "pk": 2,
  "fields": {
    "profession_en": "Porn actress",
    "profession_ru": "Порноактрисса",
    "survival_points": 0,
    "breeding_points": 10
  }
},
{
  "model": "bunker_app.profession",
  "pk": 3,
  "fields": {
    "profession_en": "Clown",
    "profession_ru": "Клоун",
    "survival_points": 0,
    "breeding_points": 0
  }
},
{
  "model": "bunker_app.profession",
  "pk": 4,
  "fields": {
    "profession_en": "Translator",
    "profession_ru": "Переводчик",
    "survival_points": 0,
    "breeding_points": 0
  }
},
{
  "model": "bunker_app.profession",
  "pk": 5,
  "fields": {
    "profession_en": "Lawyer",
    "profession_ru": "Адвокат",
    "survival_points": 0,
    "breeding_points": 0
  }
},
{
  "model": "bunker_app.profession",
  "pk": 6,
  "fields": {
    "profession_en": "Military",
    "profession_ru": "Военный",
    "survival_points": 10,
    "breeding_points": 0
  }
},
{
  "model": "bunker_app.profession",
  "pk": 7,
  "fields": {
    "profession_en": "Bee-keeper",
    "profession_ru": "Пчеловод",
    "survival_points": 10,
    "breeding_points": 0
  }
},
{
  "model": "bunker_app.profession",
  "pk": 8,
  "fields": {
    "profession_en": "Geographer",
    "profession_ru": "Географ",
    "survival_points": 10,
    "breeding_points": 0
  }
},
{
  "model": "bunker_app.profession",
  "pk": 9,
  "fields": {
    "profession_en": "Confectioner",
    "profession_ru": "Кондитер",
    "survival_points": 10,
    "breeding_points": 0
  }
},
{
  "model": "bunker_app.profession",
  "pk": 10,
  "fields": {
    "profession_en": "Blacksmith",
    "profession_ru": "Кузнец",
    "survival_points": 10,
    "breeding_points": 0
  }
},
{
  "model": "bunker_app.profession",
  "pk": 11,
  "fields": {
    "profession_en": "Mechanic",
    "profession_ru": "Механик",
    "survival_points": 20,
    "breeding_points": 0
  }
},
{
  "model": "bunker_app.profession",
  "pk": 12,
  "fields": {
    "profession_en": "Killer",
    "profession_ru": "Киллер",
    "survival_points": 20,
    "breeding_points": 0
  }
},
{
  "model": "bunker_app.profession",
  "pk": 13,
  "fields": {
    "profession_en": "Engineer",
    "profession_ru": "Инженер",
    "survival_points": 20,
    "breeding_points": 0
  }
},
{
  "model": "bunker_app.profession",
  "pk": 14,
  "fields": {
    "profession_en": "Undertaker",
    "profession_ru": "Гробовщик",
    "survival_points": 20,
    "breeding_points": 0
  }
},
{
  "model": "bunker_app.profession",
  "pk": 15,
  "fields": {
    "profession_en": "Doctor",
    "profession_ru": "Доктор",
    "survival_points": 30,
    "breeding_points": 0
  }
},
{
  "model": "bunker_app.profession",
  "pk": 16,
  "fields": {
    "profession_en": "Hunter",
    "profession_ru": "Охотник",
    "survival_points": 15,
    "breeding_points": 0
  }
},
{
  "model": "bunker_app.profession",
  "pk": 17,
  "fields": {
    "profession_en": "Cook",
    "profession_ru": "Повар",
    "survival_points": 30,
    "breeding_points": 0
  }
},
{
  "model": "bunker_app.profession",
  "pk": 18,
  "fields": {
    "profession_en": "Urologist",
    "profession_ru": "Уролог",
    "survival_points": 10,
    "breeding_points": 10
  }
},
{
  "model": "bunker_app.profession",
  "pk": 19,
  "fields": {
    "profession_en": "Oncologist",
    "profession_ru": "Онколог",
    "survival_points": 10,
    "breeding_points": 0
  }
},
{
  "model": "bunker_app.profession",
  "pk": 20,
  "fields": {
    "profession_en": "Gynecologist",
    "profession_ru": "Гинеколог",
    "survival_points": 10,
    "breeding_points": 10
  }
},
{
  "model": "bunker_app.health",
  "pk": 1,
  "fields": {
    "health_en": "AIDS open",
    "health_ru": "СПИД открытый",
    "infected": true,
    "with_stage": false,
    "fatal": false,
    "breeding_points": 0
  }
},
{
  "model": "bunker_app.health",
  "pk": 2,
  "fields": {
    "health_en": "AIDS closed",
    "health_ru": "СПИД закрытый",
    "infected": true,
    "with_stage": false,
    "fatal": false,
    "breeding_points": 0
  }
},
{
  "model": "bunker_app.health",
  "pk": 3,
  "fields": {
    "health_en": "Tuberculosis",
    "health_ru": "Туберкулез",
    "infected": true,
    "with_stage": false,
    "fatal": false,
    "breeding_points": 0
  }
},
{
  "model": "bunker_app.health",
  "pk": 4,
  "fields": {
    "health_en": "Schizophrenia",
    "health_ru": "Шизофрения",
    "infected": false,
    "with_stage": true,
    "fatal": false,
    "breeding_points": 0
  }
},
{
  "model": "bunker_app.health",
  "pk": 5,
  "fields": {
    "health_en": "Coronavirus",
    "health_ru": "Коронавирус",
    "infected": true,
    "with_stage": false,
    "fatal": false,
    "breeding_points": 0
  }
},
{
  "model": "bunker_app.health",
  "pk": 6,
  "fields": {
    "health_en": "Smallpox",
    "health_ru": "Оспа",
    "infected": true,
    "with_stage": false,
    "fatal": false,
    "breeding_points": 0
  }
},
{
  "model": "bunker_app.health",
  "pk": 7,
  "fields": {
    "health_en": "Cancer",
    "health_ru": "Рак",
    "infected": false,
    "with_stage": false,
    "fatal": true,
    "breeding_points": 0
  }
},
{
  "model": "bunker_app.health",
  "pk": 8,
  "fields": {
    "health_en": "CAD",
    "health_ru": "ИБС",
    "infected": false,
    "with_stage": false,
    "fatal": true,
    "breeding_points": 0
  }
},
{
  "model": "bunker_app.health",
  "pk": 9,
  "fields": {
    "health_en": "Stroke",
    "health_ru": "Инсульт",
    "infected": false,
    "with_stage": false,
    "fatal": true,
    "breeding_points": 0
  }
},
{
  "model": "bunker_app.health",
  "pk": 10,
  "fields": {
    "health_en": "Diabetes",
    "health_ru": "Диабет",
    "infected": false,
    "with_stage": false,
    "fatal": true,
    "breeding_points": 0
  }
},
{
  "model": "bunker_app.health",
  "pk": 11,
  "fields": {
    "health_en": "Renal failure",
    "health_ru": "Почечная недостаточность",
    "infected": false,
    "with_stage": false,
    "fatal": true,
    "breeding_points": 0
  }
},
{
  "model": "bunker_app.health",
  "pk": 12,
  "fields": {
    "health_en": "Suicidal tendencies",
    "health_ru": "Суицидальные наклонности",
    "infected": false,
    "with_stage": true,
    "fatal": false,
    "breeding_points": 0
  }
},
{
  "model": "bunker_app.health",
  "pk": 13,
  "fields": {
    "health_en": "Was amputation",
    "health_ru": "Была ампутация",
    "infected": false,
    "with_stage": true,
    "fatal": false,
    "breeding_points": 0
  }
},
{
  "model": "bunker_app.health",
  "pk": 14,
  "fields": {
    "health_en": "Alcoholism",
    "health_ru": "Алкоголизм",
    "infected": false,
    "with_stage": true,
    "fatal": false,
    "breeding_points": 0
  }
},
{
  "model": "bunker_app.health",
  "pk": 15,
  "fields": {
    "health_en": "Asthma",
    "health_ru": "Астма",
    "infected": false,
    "with_stage": true,
    "fatal": false,
    "breeding_points": 0
  }
},
{
  "model": "bunker_app.health",
  "pk": 16,
  "fields": {
    "health_en": "Perfect health",
    "health_ru": "Идеальное здоровье",
    "infected": false,
    "with_stage": false,
    "fatal": false,
    "breeding_points": 0
  }
},
{
  "model": "bunker_app.health",
  "pk": 17,
  "fields": {
    "health_en": "Vitiligo",
    "health_ru": "Витилиго",
    "infected": false,
    "with_stage": false,
    "fatal": false,
    "breeding_points": 0
  }
},
{
  "model": "bunker_app.health",
  "pk": 18,
  "fields": {
    "health_en": "Alopecia",
    "health_ru": "Алапеция",
    "infected": false,
    "with_stage": false,
    "fatal": false,
    "breeding_points": 0
  }
},
{
  "model": "bunker_app.health",
  "pk": 19,
  "fields": {
    "health_en": "Incontinence",
    "health_ru": "Недержание",
    "infected": false,
    "with_stage": false,
    "fatal": false,
    "breeding_points": 0
  }
},
{
  "model": "bunker_app.health",
  "pk": 20,
  "fields": {
    "health_en": "Colour blindness",
    "health_ru": "Дальтонизм",
    "infected": false,
    "with_stage": false,
    "fatal": false,
    "breeding_points": 0
  }
},
{
  "model": "bunker_app.health",
  "pk": 21,
  "fields": {
    "health_en": "Nymphomania",
    "health_ru": "Нимфомания",
    "infected": false,
    "with_stage": false,
    "fatal": false,
    "breeding_points": 5
  }
},
{
  "model": "bunker_app.health",
  "pk": 22,
  "fields": {
    "health_en": "Tremor",
    "health_ru": "Тремор",
    "infected": false,
    "with_stage": false,
    "fatal": false,
    "breeding_points": 0
  }
},
{
  "model": "bunker_app.health",
  "pk": 23,
  "fields": {
    "health_en": "Deafness",
    "health_ru": "Глухота",
    "infected": false,
    "with_stage": false,
    "fatal": false,
    "breeding_points": 0
  }
},
{
  "model": "bunker_app.health",
  "pk": 24,
  "fields": {
    "health_en": "Periodontal disease",
    "health_ru": "Пародонтоз",
    "infected": false,
    "with_stage": false,
    "fatal": false,
    "breeding_points": 0
  }
},
{
  "model": "bunker_app.health",
  "pk": 25,
  "fields": {
    "health_en": "Astigmatism",
    "health_ru": "Астигматизм",
    "infected": false,
    "with_stage": false,
    "fatal": false,
    "breeding_points": 0
  }
},
{
  "model": "bunker_app.health",
  "pk": 26,
  "fields": {
    "health_en": "Turetto syndrome",
    "health_ru": "Синдром Туретта",
    "infected": false,
    "with_stage": false,
    "fatal": false,
    "breeding_points": 0
  }
},
{
  "model": "bunker_app.hobbii",
  "pk": 1,
  "fields": {
    "hobbii_en": "Hobbyhorsing",
    "hobbii_ru": "Хоббихорсинг",
    "survival_points": 0
  }
},
{
  "model": "bunker_app.hobbii",
  "pk": 2,
  "fields": {
    "hobbii_en": "Dancing",
    "hobbii_ru": "Танцы",
    "survival_points": 0
  }
},
{
  "model": "bunker_app.hobbii",
  "pk": 3,
  "fields": {
    "hobbii_en": "Computer games",
    "hobbii_ru": "Компьютерные игры",
    "survival_points": 0
  }
},
{
  "model": "bunker_app.hobbii",
  "pk": 4,
  "fields": {
    "hobbii_en": "Study of biography Jungkook",
    "hobbii_ru": "Изучение биографии ЧонГука",
    "survival_points": 0
  }
},
{
  "model": "bunker_app.hobbii",
  "pk": 5,
  "fields": {
    "hobbii_en": "Cryptoinvestment",
    "hobbii_ru": "Криптоинвестирование",
    "survival_points": 0
  }
},
{
  "model": "bunker_app.hobbii",
  "pk": 6,
  "fields": {
    "hobbii_en": "Diving",
    "hobbii_ru": "Дайвинг",
    "survival_points": 5
  }
},
{
  "model": "bunker_app.hobbii",
  "pk": 7,
  "fields": {
    "hobbii_en": "Run",
    "hobbii_ru": "Бег",
    "survival_points": 5
  }
},
{
  "model": "bunker_app.hobbii",
  "pk": 8,
  "fields": {
    "hobbii_en": "Boxing",
    "hobbii_ru": "Бокс",
    "survival_points": 5
  }
},
{
  "model": "bunker_app.hobbii",
  "pk": 9,
  "fields": {
    "hobbii_en": "Mountaineering",
    "hobbii_ru": "Альпинизм",
    "survival_points": 5
  }
},
{
  "model": "bunker_app.hobbii",
  "pk": 10,
  "fields": {
    "hobbii_en": "Weightlifter",
    "hobbii_ru": "Тяжелоатлет",
    "survival_points": 5
  }
},
{
  "model": "bunker_app.hobbii",
  "pk": 11,
  "fields": {
    "hobbii_en": "Radio engineering",
    "hobbii_ru": "Радиотехника",
    "survival_points": 10
  }
},
{
  "model": "bunker_app.hobbii",
  "pk": 12,
  "fields": {
    "hobbii_en": "Carpenter",
    "hobbii_ru": "Плотник",
    "survival_points": 10
  }
},
{
  "model": "bunker_app.hobbii",
  "pk": 13,
  "fields": {
    "hobbii_en": "Shooting",
    "hobbii_ru": "Стрельба",
    "survival_points": 10
  }
},
{
  "model": "bunker_app.hobbii",
  "pk": 14,
  "fields": {
    "hobbii_en": "Psychologist",
    "hobbii_ru": "Психолог",
    "survival_points": 10
  }
},
{
  "model": "bunker_app.hobbii",
  "pk": 15,
  "fields": {
    "hobbii_en": "Sewing",
    "hobbii_ru": "Шитье",
    "survival_points": 10
  }
},
{
  "model": "bunker_app.hobbii",
  "pk": 16,
  "fields": {
    "hobbii_en": "Cookery",
    "hobbii_ru": "Кулинария",
    "survival_points": 15
  }
},
{
  "model": "bunker_app.hobbii",
  "pk": 17,
  "fields": {
    "hobbii_en": "Animal breeding",
    "hobbii_ru": "Разведение животных",
    "survival_points": 15
  }
},
{
  "model": "bunker_app.hobbii",
  "pk": 18,
  "fields": {
    "hobbii_en": "Hunting",
    "hobbii_ru": "Охота",
    "survival_points": 15
  }
},
{
  "model": "bunker_app.hobbii",
  "pk": 19,
  "fields": {
    "hobbii_en": "Botany",
    "hobbii_ru": "Ботаника",
    "survival_points": 15
  }
},
{
  "model": "bunker_app.hobbii",
  "pk": 20,
  "fields": {
    "hobbii_en": "Fishing",
    "hobbii_ru": "Рыбалка",
    "survival_points": 15
  }
},
{
  "model": "bunker_app.phobia",
  "pk": 1,
  "fields": {
    "phobia_en": "Aerophobia",
    "phobia_ru": "Аэрофобия",
    "fatal": true
  }
},
{
  "model": "bunker_app.phobia",
  "pk": 2,
  "fields": {
    "phobia_en": "Pteronophobia",
    "phobia_ru": "Птеронофобия",
    "fatal": false
  }
},
{
  "model": "bunker_app.phobia",
  "pk": 3,
  "fields": {
    "phobia_en": "Turophobia",
    "phobia_ru": "Турофобия",
    "fatal": false
  }
},
{
  "model": "bunker_app.phobia",
  "pk": 4,
  "fields": {
    "phobia_en": "Albinismophobia",
    "phobia_ru": "Альбинизмофобия",
    "fatal": false
  }
},
{
  "model": "bunker_app.phobia",
  "pk": 5,
  "fields": {
    "phobia_en": "Arachnophobia",
    "phobia_ru": "Арахнофобия",
    "fatal": false
  }
},
{
  "model": "bunker_app.phobia",
  "pk": 6,
  "fields": {
    "phobia_en": "Cryophobia",
    "phobia_ru": "Криофобия",
    "fatal": false
  }
},
{
  "model": "bunker_app.phobia",
  "pk": 7,
  "fields": {
    "phobia_en": "Apiphobia",
    "phobia_ru": "Апифобия",
    "fatal": false
  }
},
{
  "model": "bunker_app.phobia",
  "pk": 8,
  "fields": {
    "phobia_en": "Aquaphobia",
    "phobia_ru": "Аквафобия",
    "fatal": false
  }
},
{
  "model": "bunker_app.phobia",
  "pk": 9,
  "fields": {
    "phobia_en": "Demonophobia",
    "phobia_ru": "Демонофобия",
    "fatal": false
  }
},
{
  "model": "bunker_app.phobia",
  "pk": 10,
  "fields": {
    "phobia_en": "Clownophobia",
    "phobia_ru": "Клоунофобия",
    "fatal": false
  }
},
{
  "model": "bunker_app.phobia",
  "pk": 11,
  "fields": {
    "phobia_en": "Verminophobia",
    "phobia_ru": "Верминофобия",
    "fatal": false
  }
},
{
  "model": "bunker_app.phobia",
  "pk": 12,
  "fields": {
    "phobia_en": "Thermophobia",
    "phobia_ru": "Термофобия",
    "fatal": false
  }
},
{
  "model": "bunker_app.phobia",
  "pk": 13,
  "fields": {
    "phobia_en": "Ufophobia",
    "phobia_ru": "Уфофобия",
    "fatal": false
  }
},
{
  "model": "bunker_app.phobia",
  "pk": 14,
  "fields": {
    "phobia_en": "Ariditophobia",
    "phobia_ru": "Аридитофобия",
    "fatal": false
  }
},
{
  "model": "bunker_app.phobia",
  "pk": 15,
  "fields": {
    "phobia_en": "Agrophobia",
    "phobia_ru": "Агрофобия",
    "fatal": false
  }
},
{
  "model": "bunker_app.phobia",
  "pk": 16,
  "fields": {
    "phobia_en": "Sitophobia",
    "phobia_ru": "Ситофобия",
    "fatal": false
  }
},
{
  "model": "bunker_app.phobia",
  "pk": 17,
  "fields": {
    "phobia_en": "Agorophobia",
    "phobia_ru": "Агорофобия",
    "fatal": false
  }
},
{
  "model": "bunker_app.phobia",
  "pk": 18,
  "fields": {
    "phobia_en": "Heliophobia",
    "phobia_ru": "Гелиофобия",
    "fatal": true
  }
},
{
  "model": "bunker_app.phobia",
  "pk": 19,
  "fields": {
    "phobia_en": "Tocophobia",
    "phobia_ru": "Токофобия",
    "fatal": false
  }
},
{
  "model": "bunker_app.phobia",
  "pk": 20,
  "fields": {
    "phobia_en": "Claustrophobia",
    "phobia_ru": "Клаустрофобия",
    "fatal": true
  }
},
{
  "model": "bunker_app.baggage",
  "pk": 1,
  "fields": {
    "baggage_en": "Card \"seven worms\"",
    "baggage_ru": "Карта «семерка червей»",
    "survival_points": 0,
    "breeding_points": 0
  }
},
{
  "model": "bunker_app.baggage",
  "pk": 2,
  "fields": {
    "baggage_en": "200 000 $",
    "baggage_ru": "200 000 $",
    "survival_points": 0,
    "breeding_points": 0
  }
},
{
  "model": "bunker_app.baggage",
  "pk": 3,
  "fields": {
    "baggage_en": "Cigar block",
    "baggage_ru": "Блок сигарет",
    "survival_points": 0,
    "breeding_points": 0
  }
},
{
  "model": "bunker_app.baggage",
  "pk": 4,
  "fields": {
    "baggage_en": "Porn film \"Germiona Grendger and order of the penis\"",
    "baggage_ru": "Порнофильм «Гермиона Гренджер и орден пениса»",
    "survival_points": 0,
    "breeding_points": 0
  }
},
{
  "model": "bunker_app.baggage",
  "pk": 5,
  "fields": {
    "baggage_en": "Buld",
    "baggage_ru": "Лампочка",
    "survival_points": 0,
    "breeding_points": 0
  }
},
{
  "model": "bunker_app.baggage",
  "pk": 6,
  "fields": {
    "baggage_en": "Book on survival in Chinese",
    "baggage_ru": "Книга по выживанию на китайском языке",
    "survival_points": 0,
    "breeding_points": 0
  }
},
{
  "model": "bunker_app.baggage",
  "pk": 7,
  "fields": {
    "baggage_en": "Set of fishing gear",
    "baggage_ru": "Набор снастей для рыбалки",
    "survival_points": 5,
    "breeding_points": 0
  }
},
{
  "model": "bunker_app.baggage",
  "pk": 8,
  "fields": {
    "baggage_en": "Large set of threads",
    "baggage_ru": "Большой набор ниток",
    "survival_points": 5,
    "breeding_points": 0
  }
},
{
  "model": "bunker_app.baggage",
  "pk": 9,
  "fields": {
    "baggage_en": "Trones for a hunting rifle",
    "baggage_ru": "Патроны для охотничьей винтовки",
    "survival_points": 5,
    "breeding_points": 0
  }
},
{
  "model": "bunker_app.baggage",
  "pk": 10,
  "fields": {
    "baggage_en": "Incubator with chicken eggs",
    "baggage_ru": "Инкубатор с куриными яйцами",
    "survival_points": 5,
    "breeding_points": 0
  }
},
{
  "model": "bunker_app.baggage",
  "pk": 11,
  "fields": {
    "baggage_en": "Knife",
    "baggage_ru": "Нож",
    "survival_points": 10,
    "breeding_points": 0
  }
},
{
  "model": "bunker_app.baggage",
  "pk": 12,
  "fields": {
    "baggage_en": "Map of the bunker and the area around it",
    "baggage_ru": "Карта бункера и местности вокруг него",
    "survival_points": 10,
    "breeding_points": 0
  }
},
{
  "model": "bunker_app.baggage",
  "pk": 13,
  "fields": {
    "baggage_en": "Gas burner",
    "baggage_ru": "Газовая горелка",
    "survival_points": 10,
    "breeding_points": 0
  }
},
{
  "model": "bunker_app.baggage",
  "pk": 14,
  "fields": {
    "baggage_en": "Radio",
    "baggage_ru": "Радиоприемник",
    "survival_points": 10,
    "breeding_points": 0
  }
},
{
  "model": "bunker_app.baggage",
  "pk": 15,
  "fields": {
    "baggage_en": "Survival book",
    "baggage_ru": "Книга по выживанию",
    "survival_points": 10,
    "breeding_points": 0
  }
},
{
  "model": "bunker_app.baggage",
  "pk": 16,
  "fields": {
    "baggage_en": "Water purifier",
    "baggage_ru": "Очиститель для воды",
    "survival_points": 15,
    "breeding_points": 0
  }
},
{
  "model": "bunker_app.baggage",
  "pk": 17,
  "fields": {
    "baggage_en": "Everything you need for childbirth",
    "baggage_ru": "Все необходимое для родов",
    "survival_points": 0,
    "breeding_points": 10
  }
},
{
  "model": "bunker_app.baggage",
  "pk": 18,
  "fields": {
    "baggage_en": "Bag with medicines",
    "baggage_ru": "Сумка с медикаментами",
    "survival_points": 15,
    "breeding_points": 0
  }
},
{
  "model": "bunker_app.baggage",
  "pk": 19,
  "fields": {
    "baggage_en": "Exoskeleton",
    "baggage_ru": "Экзоскелет",
    "survival_points": 15,
    "breeding_points": 0
  }
},
{
  "model": "bunker_app.baggage",
  "pk": 20,
  "fields": {
    "baggage_en": "Fuel reserve",
    "baggage_ru": "Запас топлива",
    "survival_points": 15,
    "breeding_points": 0
  }
},
{
  "model": "bunker_app.fact",
  "pk": 1,
  "fields": {
    "fact_en": "Doesn't speak Russian",
    "fact_ru": "Не говорит по-русски",
    "survival_points": -5,
    "breeding_points": 0
  }
},
{
  "model": "bunker_app.fact",
  "pk": 2,
  "fields": {
    "fact_en": "Was in prison for theft",
    "fact_ru": "Сидел в тюрьме за кражу",
    "survival_points": -5,
    "breeding_points": 0
  }
},
{
  "model": "bunker_app.fact",
  "pk": 3,
  "fields": {
    "fact_en": "Allergy to dust",
    "fact_ru": "Аллергия на пыль",
    "survival_points": -5,
    "breeding_points": 0
  }
},
{
  "model": "bunker_app.fact",
  "pk": 4,
  "fields": {
    "fact_en": "Egoist",
    "fact_ru": "Эгоист",
    "survival_points": -5,
    "breeding_points": 0
  }
},
{
  "model": "bunker_app.fact",
  "pk": 5,
  "fields": {
    "fact_en": "Height 170, weight 50kg",
    "fact_ru": "Рост 170, вес 50кг",
    "survival_points": -5,
    "breeding_points": 0
  }
},
{
  "model": "bunker_app.fact",
  "pk": 6,
  "fields": {
    "fact_en": "Aggressive",
    "fact_ru": "Агрессивен",
    "survival_points": -5,
    "breeding_points": 0
  }
},
{
  "model": "bunker_app.fact",
  "pk": 7,
  "fields": {
    "fact_en": "Doesn't lend itself to discipline",
    "fact_ru": "Не поддается дисциплине",
    "survival_points": 0,
    "breeding_points": 0
  }
},
{
  "model": "bunker_app.fact",
  "pk": 8,
  "fields": {
    "fact_en": "Height 160, weight 100kg",
    "fact_ru": "Рост 160, вес 100кг",
    "survival_points": -5,
    "breeding_points": 0
  }
},
{
  "model": "bunker_app.fact",
  "pk": 9,
  "fields": {
    "fact_en": "Washed once a month",
    "fact_ru": "Моется раз в месяц",
    "survival_points": -5,
    "breeding_points": 0
  }
},
{
  "model": "bunker_app.fact",
  "pk": 10,
  "fields": {
    "fact_en": "Greedy",
    "fact_ru": "Жадный",
    "survival_points": -5,
    "breeding_points": 0
  }
},
{
  "model": "bunker_app.fact",
  "pk": 11,
  "fields": {
    "fact_en": "Vegetarian",
    "fact_ru": "Вегетарианец",
    "survival_points": 0,
    "breeding_points": 0
  }
},
{
  "model": "bunker_app.fact",
  "pk": 12,
  "fields": {
    "fact_en": "Watched all episodes of Family Guy 15 times",
    "fact_ru": "Смотрел все серии Грифинов 15 раз",
    "survival_points": 0,
    "breeding_points": 0
  }
},
{
  "model": "bunker_app.fact",
  "pk": 13,
  "fields": {
    "fact_en": "No toe",
    "fact_ru": "Нет пальца на ноге",
    "survival_points": 0,
    "breeding_points": 0
  }
},
{
  "model": "bunker_app.fact",
  "pk": 14,
  "fields": {
    "fact_en": "Tatar",
    "fact_ru": "Татарин",
    "survival_points": 0,
    "breeding_points": 0
  }
},
{
  "model": "bunker_app.fact",
  "pk": 15,
  "fields": {
    "fact_en": "CMS in chess",
    "fact_ru": "КМС по шахматам",
    "survival_points": 0,
    "breeding_points": 0
  }
},
{
  "model": "bunker_app.fact",
  "pk": 16,
  "fields": {
    "fact_en": "Doesn't drink alcohol",
    "fact_ru": "Не пьет алкоголь",
    "survival_points": 0,
    "breeding_points": 0
  }
},
{
  "model": "bunker_app.fact",
  "pk": 17,
  "fields": {
    "fact_en": "CSKA fan",
    "fact_ru": "Фанат ЦСКА",
    "survival_points": 0,
    "breeding_points": 0
  }
},
{
  "model": "bunker_app.fact",
  "pk": 18,
  "fields": {
    "fact_en": "Have your own business",
    "fact_ru": "Есть свой бизнес",
    "survival_points": 0,
    "breeding_points": 0
  }
},
{
  "model": "bunker_app.fact",
  "pk": 19,
  "fields": {
    "fact_en": "Lived abroad",
    "fact_ru": "Жил за границей",
    "survival_points": 0,
    "breeding_points": 0
  }
},
{
  "model": "bunker_app.fact",
  "pk": 20,
  "fields": {
    "fact_en": "Slept with a porn actress",
    "fact_ru": "Переспал с порноактиссой",
    "survival_points": 0,
    "breeding_points": 0
  }
},
{
  "model": "bunker_app.fact",
  "pk": 21,
  "fields": {
    "fact_en": "Good physical shape",
    "fact_ru": "Хорошая физическая форма",
    "survival_points": 5,
    "breeding_points": 0
  }
},
{
  "model": "bunker_app.fact",
  "pk": 22,
  "fields": {
    "fact_en": "Has leadership qualities",
    "fact_ru": "Имеет лидерские качества",
    "survival_points": 5,
    "breeding_points": 0
  }
},
{
  "model": "bunker_app.fact",
  "pk": 23,
  "fields": {
    "fact_en": "Worked in a hospital",
    "fact_ru": "Работал в больнице",
    "survival_points": 5,
    "breeding_points": 0
  }
},
{
  "model": "bunker_app.fact",
  "pk": 24,
  "fields": {
    "fact_en": "Neat",
    "fact_ru": "Чистоплотный",
    "survival_points": 5,
    "breeding_points": 0
  }
},
{
  "model": "bunker_app.fact",
  "pk": 25,
  "fields": {
    "fact_en": "Served in the army",
    "fact_ru": "Служил в армии",
    "survival_points": 5,
    "breeding_points": 0
  }
},
{
  "model": "bunker_app.fact",
  "pk": 26,
  "fields": {
    "fact_en": "Knows 5 languages",
    "fact_ru": "Знает 5 языков",
    "survival_points": 0,
    "breeding_points": 0
  }
},
{
  "model": "bunker_app.fact",
  "pk": 27,
  "fields": {
    "fact_en": "Trained in shooting",
    "fact_ru": "Обучался стрельбе",
    "survival_points": 5,
    "breeding_points": 0
  }
},
{
  "model": "bunker_app.fact",
  "pk": 28,
  "fields": {
    "fact_en": "Studied water purification",
    "fact_ru": "Изучал отчистку воды",
    "survival_points": 5,
    "breeding_points": 0
  }
},
{
  "model": "bunker_app.fact",
  "pk": 29,
  "fields": {
    "fact_en": "Built this bunker",
    "fact_ru": "Строил этот бункер",
    "survival_points": 5,
    "breeding_points": 0
  }
},
{
  "model": "bunker_app.fact",
  "pk": 30,
  "fields": {
    "fact_en": "Took a blowjob course",
    "fact_ru": "Проходил курсы по минету",
    "survival_points": 0,
    "breeding_points": 0
  }
},
{
  "model": "bunker_app.fact",
  "pk": 31,
  "fields": {
    "fact_en": "Worked as a survival instructor",
    "fact_ru": "Работал инструктором по выживанию",
    "survival_points": 10,
    "breeding_points": 0
  }
},
{
  "model": "bunker_app.fact",
  "pk": 32,
  "fields": {
    "fact_en": "Worked as a nutritionist",
    "fact_ru": "Работал диетологом",
    "survival_points": 10,
    "breeding_points": 0
  }
},
{
  "model": "bunker_app.fact",
  "pk": 33,
  "fields": {
    "fact_en": "Can make fire",
    "fact_ru": "Умеет добывать огонь",
    "survival_points": 10,
    "breeding_points": 0
  }
},
{
  "model": "bunker_app.fact",
  "pk": 34,
  "fields": {
    "fact_en": "Can synthesize fuel",
    "fact_ru": "Умеет синтезировать топливо",
    "survival_points": 10,
    "breeding_points": 0
  }
},
{
  "model": "bunker_app.fact",
  "pk": 35,
  "fields": {
    "fact_en": "You are immune to disease",
    "fact_ru": "У вас иммунитет к болезням",
    "survival_points": 0,
    "breeding_points": 0
  }
},
{
  "model": "bunker_app.fact",
  "pk": 36,
  "fields": {
    "fact_en": "Perfect First Aid Skills",
    "fact_ru": "Идеальные навыки оказания первой помощи",
    "survival_points": 10,
    "breeding_points": 0
  }
},
{
  "model": "bunker_app.fact",
  "pk": 37,
  "fields": {
    "fact_en": "Survived 30 days on the island",
    "fact_ru": "Выжил 30 дней на острове",
    "survival_points": 10,
    "breeding_points": 0
  }
},
{
  "model": "bunker_app.fact",
  "pk": 38,
  "fields": {
    "fact_en": "Worked as a nanny",
    "fact_ru": "Работал няней",
    "survival_points": 0,
    "breeding_points": 10
  }
},
{
  "model": "bunker_app.fact",
  "pk": 39,
  "fields": {
    "fact_en": "Took courses in urology",
    "fact_ru": "Проходил курсы урологии",
    "survival_points": 5,
    "breeding_points": 5
  }
},
{
  "model": "bunker_app.fact",
  "pk": 40,
  "fields": {
    "fact_en": "Took gynecology courses",
    "fact_ru": "Проходил курсы гинекологии",
    "survival_points": 5,
    "breeding_points": 5
  }
},
{
  "model": "bunker_app.disasters",
  "pk": 1,
  "fields": {
    "disaster_en": "Drought",
    "disaster_ru": "Засуха"
  }
},
{
  "model": "bunker_app.disasters",
  "pk": 2,
  "fields": {
    "disaster_en": "Aliens",
    "disaster_ru": "Инопланетяне"
  }
},
{
  "model": "bunker_app.disasters",
  "pk": 3,
  "fields": {
    "disaster_en": "Flood",
    "disaster_ru": "Наводнение"
  }
},
{
  "model": "bunker_app.disasters",
  "pk": 4,
  "fields": {
    "disaster_en": "Pandemic",
    "disaster_ru": "Пандемия"
  }
},
{
  "model": "bunker_app.disasters",
  "pk": 5,
  "fields": {
    "disaster_en": "The coming of the devil",
    "disaster_ru": "Пришествие дьявола"
  }
},
{
  "model": "bunker_app.disasters",
  "pk": 6,
  "fields": {
    "disaster_en": "Nuclear winter",
    "disaster_ru": "Ядерная зима"
  }
},
{
  "model": "bunker_app.disasters",
  "pk": 7,
  "fields": {
    "disaster_en": "Artificial intelligence",
    "disaster_ru": "Искусственный интеллект"
  }
},
{
  "model": "bunker_app.logs",
  "pk": 1,
  "fields": {
    "occassion": "urolog_course",
    "consequences": "Игрок {name} излечился от бесплодия, потому что есть человек, проходивший курсы урологии"
  }
},
{
  "model": "bunker_app.logs",
  "pk": 2,
  "fields": {
    "occassion": "urologist",
    "consequences": "Все мужчины излечились от бесплодия, потому что есть Уролог"
  }
},
{
  "model": "bunker_app.logs",
  "pk": 3,
  "fields": {
    "occassion": "oncologist",
    "consequences": "Все больные раком излечились, потому что есть Онколог"
  }
},
{
  "model": "bunker_app.logs",
  "pk": 4,
  "fields": {
    "occassion": "gynecologist",
    "consequences": "Все бесплодные женщины стали нормальными, потому что есть Гинеколог"
  }
},
{
  "model": "bunker_app.logs",
  "pk": 5,
  "fields": {
    "occassion": "psychologist",
    "consequences": "Суицидники излечились и пропали фобии, потому что есть Психолог"
  }
},
{
  "model": "bunker_app.logs",
  "pk": 6,
  "fields": {
    "occassion": "gynecolog_course",
    "consequences": "Игрок {name} излечился от бесплодия, потому что есть человек, проходивший курсы гинекологии"
  }
},
{
  "model": "bunker_app.logs",
  "pk": 7,
  "fields": {
    "occassion": "bee_keeper",
    "consequences": "Игрок {name} умер от Апифобии, потому что есть Пчеловод"
  }
},
{
  "model": "bunker_app.logs",
  "pk": 8,
  "fields": {
    "occassion": "clown",
    "consequences": "Игрок {name} умер от Клоунофобии, потому что в бункере есть Клоун"
  }
},
{
  "model": "bunker_app.logs",
  "pk": 9,
  "fields": {
    "occassion": "nuclear_winter_kill",
    "consequences": "Игрок {name} умирает от Криофобии, потому что катастрофа {disaster}"
  }
},
{
  "model": "bunker_app.logs",
  "pk": 10,
  "fields": {
    "occassion": "nuclear_winter_heal",
    "consequences": "Гелиофобия больше не смертельна, потому что катастрофа {disaster}"
  }
},
{
  "model": "bunker_app.logs",
  "pk": 11,
  "fields": {
    "occassion": "flood",
    "consequences": "Игрок {name} умирает от Аквафобии, потому что катастрофа {disaster}"
  }
},
{
  "model": "bunker_app.logs",
  "pk": 12,
  "fields": {
    "occassion": "the_coming_of_the_devil",
    "consequences": "Игрок {name} умирает от Демонофобии, потому что катастрофа {disaster}"
  }
},
{
  "model": "bunker_app.logs",
  "pk": 13,
  "fields": {
    "occassion": "drought",
    "consequences": "Игрок {name} умирает от {phobia}, потому что катастрофа {disaster}"
  }
},
{
  "model": "bunker_app.logs",
  "pk": 14,
  "fields": {
    "occassion": "aliens",
    "consequences": "Игрок {name} умирает от Уфофобии, потому что катастрофа {disaster}"
  }
},
{
  "model": "bunker_app.logs",
  "pk": 15,
  "fields": {
    "occassion": "fatal_illness",
    "consequences": "Игрок {name} умер, из-за болезни {health}"
  }
},
{
  "model": "bunker_app.logs",
  "pk": 16,
  "fields": {
    "occassion": "fatal_phobia",
    "consequences": "Игрок {name} умер, из-за фобии {phobia}"
  }
},
{
  "model": "bunker_app.logs",
  "pk": 17,
  "fields": {
    "occassion": "schizophrenia",
    "consequences": "Игрок {name} умер из-за Шизофрении"
  }
},
{
  "model": "bunker_app.logs",
  "pk": 18,
  "fields": {
    "occassion": "infected_illness",
    "consequences": "Игрок {name} заразился болезнью {health}"
  }
},
{
  "model": "bunker_app.logs",
  "pk": 19,
  "fields": {
    "occassion": "survive_per_cent_0",
    "consequences": "Шанс выживания игроков в бункере 0 %"
  }
},
{
  "model": "bunker_app.logs",
  "pk": 20,
  "fields": {
    "occassion": "survive_per_cent",
    "consequences": "Шанс выживания игроков в бункере {survive_per_cent}%"
  }
},
{
  "model": "bunker_app.logs",
  "pk": 21,
  "fields": {
    "occassion": "bunker_alive",
    "consequences": "Бункер выжил"
  }
},
{
  "model": "bunker_app.logs",
  "pk": 22,
  "fields": {
    "occassion": "bunker_dead",
    "consequences": "Бункер не выжил"
  }
},
{
  "model": "bunker_app.logs",
  "pk": 23,
  "fields": {
    "occassion": "breed_per_cent_0",
    "consequences": "Шанс размножения после выхода из бункера 0 %"
  }
},
{
  "model": "bunker_app.logs",
  "pk": 24,
  "fields": {
    "occassion": "bunker_not_breed",
    "consequences": "Бункер не размножился"
  }
},
{
  "model": "bunker_app.logs",
  "pk": 25,
  "fields": {
    "occassion": "breed_per_cent",
    "consequences": "Шанс размножения после выхода из бункера {breed_per_cent}%"
  }
},
{
  "model": "bunker_app.logs",
  "pk": 26,
  "fields": {
    "occassion": "bunker_breed",
    "consequences": "Бункер размножился"
  }
},
{
  "model": "auth.permission",
  "pk": 1,
  "fields": {
    "name": "Can add log entry",
    "content_type": [
      "admin",
      "logentry"
    ],
    "codename": "add_logentry"
  }
},
{
  "model": "auth.permission",
  "pk": 2,
  "fields": {
    "name": "Can change log entry",
    "content_type": [
      "admin",
      "logentry"
    ],
    "codename": "change_logentry"
  }
},
{
  "model": "auth.permission",
  "pk": 3,
  "fields": {
    "name": "Can delete log entry",
    "content_type": [
      "admin",
      "logentry"
    ],
    "codename": "delete_logentry"
  }
},
{
  "model": "auth.permission",
  "pk": 4,
  "fields": {
    "name": "Can view log entry",
    "content_type": [
      "admin",
      "logentry"
    ],
    "codename": "view_logentry"
  }
},
{
  "model": "auth.permission",
  "pk": 5,
  "fields": {
    "name": "Can add permission",
    "content_type": [
      "auth",
      "permission"
    ],
    "codename": "add_permission"
  }
},
{
  "model": "auth.permission",
  "pk": 6,
  "fields": {
    "name": "Can change permission",
    "content_type": [
      "auth",
      "permission"
    ],
    "codename": "change_permission"
  }
},
{
  "model": "auth.permission",
  "pk": 7,
  "fields": {
    "name": "Can delete permission",
    "content_type": [
      "auth",
      "permission"
    ],
    "codename": "delete_permission"
  }
},
{
  "model": "auth.permission",
  "pk": 8,
  "fields": {
    "name": "Can view permission",
    "content_type": [
      "auth",
      "permission"
    ],
    "codename": "view_permission"
  }
},
{
  "model": "auth.permission",
  "pk": 9,
  "fields": {
    "name": "Can add group",
    "content_type": [
      "auth",
      "group"
    ],
    "codename": "add_group"
  }
},
{
  "model": "auth.permission",
  "pk": 10,
  "fields": {
    "name": "Can change group",
    "content_type": [
      "auth",
      "group"
    ],
    "codename": "change_group"
  }
},
{
  "model": "auth.permission",
  "pk": 11,
  "fields": {
    "name": "Can delete group",
    "content_type": [
      "auth",
      "group"
    ],
    "codename": "delete_group"
  }
},
{
  "model": "auth.permission",
  "pk": 12,
  "fields": {
    "name": "Can view group",
    "content_type": [
      "auth",
      "group"
    ],
    "codename": "view_group"
  }
},
{
  "model": "auth.permission",
  "pk": 13,
  "fields": {
    "name": "Can add user",
    "content_type": [
      "auth",
      "user"
    ],
    "codename": "add_user"
  }
},
{
  "model": "auth.permission",
  "pk": 14,
  "fields": {
    "name": "Can change user",
    "content_type": [
      "auth",
      "user"
    ],
    "codename": "change_user"
  }
},
{
  "model": "auth.permission",
  "pk": 15,
  "fields": {
    "name": "Can delete user",
    "content_type": [
      "auth",
      "user"
    ],
    "codename": "delete_user"
  }
},
{
  "model": "auth.permission",
  "pk": 16,
  "fields": {
    "name": "Can view user",
    "content_type": [
      "auth",
      "user"
    ],
    "codename": "view_user"
  }
},
{
  "model": "auth.permission",
  "pk": 17,
  "fields": {
    "name": "Can add content type",
    "content_type": [
      "contenttypes",
      "contenttype"
    ],
    "codename": "add_contenttype"
  }
},
{
  "model": "auth.permission",
  "pk": 18,
  "fields": {
    "name": "Can change content type",
    "content_type": [
      "contenttypes",
      "contenttype"
    ],
    "codename": "change_contenttype"
  }
},
{
  "model": "auth.permission",
  "pk": 19,
  "fields": {
    "name": "Can delete content type",
    "content_type": [
      "contenttypes",
      "contenttype"
    ],
    "codename": "delete_contenttype"
  }
},
{
  "model": "auth.permission",
  "pk": 20,
  "fields": {
    "name": "Can view content type",
    "content_type": [
      "contenttypes",
      "contenttype"
    ],
    "codename": "view_contenttype"
  }
},
{
  "model": "auth.permission",
  "pk": 21,
  "fields": {
    "name": "Can add session",
    "content_type": [
      "sessions",
      "session"
    ],
    "codename": "add_session"
  }
},
{
  "model": "auth.permission",
  "pk": 22,
  "fields": {
    "name": "Can change session",
    "content_type": [
      "sessions",
      "session"
    ],
    "codename": "change_session"
  }
},
{
  "model": "auth.permission",
  "pk": 23,
  "fields": {
    "name": "Can delete session",
    "content_type": [
      "sessions",
      "session"
    ],
    "codename": "delete_session"
  }
},
{
  "model": "auth.permission",
  "pk": 24,
  "fields": {
    "name": "Can view session",
    "content_type": [
      "sessions",
      "session"
    ],
    "codename": "view_session"
  }
},
{
  "model": "auth.user",
  "pk": 1,
  "fields": {
    "password": "pbkdf2_sha256$720000$liTRIAbVOwJntoDbRIDZd7$U5RiOBG1tD9Qf6suz1lbQHgf5+yQ0iBJNUXkW1aDP/w=",
    "last_login": "2024-12-03T14:48:17.197Z",
    "is_superuser": true,
    "username": "vitya",
    "first_name": "",
    "last_name": "",
    "email": "vitya.bashkov@mail.ru",
    "is_staff": true,
    "is_active": true,
    "date_joined": "2024-12-03T14:48:01.934Z",
    "groups": [],
    "user_permissions": []
  }
},
{
  "model": "admin.logentry",
  "pk": 1,
  "fields": {
    "action_time": "2024-12-03T17:20:48.939Z",
    "user": [
      "vitya"
    ],
    "content_type": [
      "bunker_app",
      "logs"
    ],
    "object_id": "1",
    "object_repr": "Проходил курсы урологии",
    "action_flag": 1,
    "change_message": "[{\"added\": {}}]"
  }
},
{
  "model": "admin.logentry",
  "pk": 2,
  "fields": {
    "action_time": "2024-12-03T18:20:53.371Z",
    "user": [
      "vitya"
    ],
    "content_type": [
      "bunker_app",
      "logs"
    ],
    "object_id": "1",
    "object_repr": "urolog_course",
    "action_flag": 2,
    "change_message": "[{\"changed\": {\"fields\": [\"Occassion\", \"Consequences\"]}}]"
  }
},
{
  "model": "admin.logentry",
  "pk": 3,
  "fields": {
    "action_time": "2024-12-04T07:44:18.590Z",
    "user": [
      "vitya"
    ],
    "content_type": [
      "bunker_app",
      "information"
    ],
    "object_id": "1",
    "object_repr": "Обратная связь",
    "action_flag": 2,
    "change_message": "[{\"changed\": {\"fields\": [\"Title\", \"\\u0418\\u043d\\u0444\\u043e\\u0440\\u043c\\u0430\\u0446\\u0438\\u044f\"]}}]"
  }
},
{
  "model": "admin.logentry",
  "pk": 4,
  "fields": {
    "action_time": "2024-12-04T07:44:33.043Z",
    "user": [
      "vitya"
    ],
    "content_type": [
      "bunker_app",
      "information"
    ],
    "object_id": "2",
    "object_repr": "Бункер-элит",
    "action_flag": 2,
    "change_message": "[{\"changed\": {\"fields\": [\"Title\", \"\\u0418\\u043d\\u0444\\u043e\\u0440\\u043c\\u0430\\u0446\\u0438\\u044f\"]}}]"
  }
},
{
  "model": "admin.logentry",
  "pk": 5,
  "fields": {
    "action_time": "2024-12-04T07:47:03.804Z",
    "user": [
      "vitya"
    ],
    "content_type": [
      "bunker_app",
      "logs"
    ],
    "object_id": "2",
    "object_repr": "urolog",
    "action_flag": 1,
    "change_message": "[{\"added\": {}}]"
  }
},
{
  "model": "admin.logentry",
  "pk": 6,
  "fields": {
    "action_time": "2024-12-04T07:47:46.644Z",
    "user": [
      "vitya"
    ],
    "content_type": [
      "bunker_app",
      "logs"
    ],
    "object_id": "2",
    "object_repr": "urologist",
    "action_flag": 2,
    "change_message": "[{\"changed\": {\"fields\": [\"Occassion\"]}}]"
  }
},
{
  "model": "admin.logentry",
  "pk": 7,
  "fields": {
    "action_time": "2024-12-04T07:48:12.128Z",
    "user": [
      "vitya"
    ],
    "content_type": [
      "bunker_app",
      "logs"
    ],
    "object_id": "3",
    "object_repr": "oncologist",
    "action_flag": 1,
    "change_message": "[{\"added\": {}}]"
  }
},
{
  "model": "admin.logentry",
  "pk": 8,
  "fields": {
    "action_time": "2024-12-04T07:48:32.231Z",
    "user": [
      "vitya"
    ],
    "content_type": [
      "bunker_app",
      "logs"
    ],
    "object_id": "4",
    "object_repr": "gynecologist",
    "action_flag": 1,
    "change_message": "[{\"added\": {}}]"
  }
},
{
  "model": "admin.logentry",
  "pk": 9,
  "fields": {
    "action_time": "2024-12-04T07:49:14.317Z",
    "user": [
      "vitya"
    ],
    "content_type": [
      "bunker_app",
      "logs"
    ],
    "object_id": "5",
    "object_repr": "psychologist",
    "action_flag": 1,
    "change_message": "[{\"added\": {}}]"
  }
},
{
  "model": "admin.logentry",
  "pk": 10,
  "fields": {
    "action_time": "2024-12-04T07:50:26.683Z",
    "user": [
      "vitya"
    ],
    "content_type": [
      "bunker_app",
      "logs"
    ],
    "object_id": "6",
    "object_repr": "gynecolog_course",
    "action_flag": 1,
    "change_message": "[{\"added\": {}}]"
  }
},
{
  "model": "admin.logentry",
  "pk": 11,
  "fields": {
    "action_time": "2024-12-04T07:51:06.964Z",
    "user": [
      "vitya"
    ],
    "content_type": [
      "bunker_app",
      "logs"
    ],
    "object_id": "7",
    "object_repr": "bee_keeper",
    "action_flag": 1,
    "change_message": "[{\"added\": {}}]"
  }
},
{
  "model": "admin.logentry",
  "pk": 12,
  "fields": {
    "action_time": "2024-12-04T07:52:14.430Z",
    "user": [
      "vitya"
    ],
    "content_type": [
      "bunker_app",
      "logs"
    ],
    "object_id": "8",
    "object_repr": "clown",
    "action_flag": 1,
    "change_message": "[{\"added\": {}}]"
  }
},
{
  "model": "admin.logentry",
  "pk": 13,
  "fields": {
    "action_time": "2024-12-04T07:54:33.785Z",
    "user": [
      "vitya"
    ],
    "content_type": [
      "bunker_app",
      "logs"
    ],
    "object_id": "9",
    "object_repr": "nuclear_winter_kill",
    "action_flag": 1,
    "change_message": "[{\"added\": {}}]"
  }
},
{
  "model": "admin.logentry",
  "pk": 14,
  "fields": {
    "action_time": "2024-12-04T07:55:09.376Z",
    "user": [
      "vitya"
    ],
    "content_type": [
      "bunker_app",
      "logs"
    ],
    "object_id": "10",
    "object_repr": "nuclear winter_heal",
    "action_flag": 1,
    "change_message": "[{\"added\": {}}]"
  }
},
{
  "model": "admin.logentry",
  "pk": 15,
  "fields": {
    "action_time": "2024-12-04T07:55:52.565Z",
    "user": [
      "vitya"
    ],
    "content_type": [
      "bunker_app",
      "logs"
    ],
    "object_id": "11",
    "object_repr": "flood",
    "action_flag": 1,
    "change_message": "[{\"added\": {}}]"
  }
},
{
  "model": "admin.logentry",
  "pk": 16,
  "fields": {
    "action_time": "2024-12-04T07:56:39.605Z",
    "user": [
      "vitya"
    ],
    "content_type": [
      "bunker_app",
      "logs"
    ],
    "object_id": "12",
    "object_repr": "the_coming_of_the_devil",
    "action_flag": 1,
    "change_message": "[{\"added\": {}}]"
  }
},
{
  "model": "admin.logentry",
  "pk": 17,
  "fields": {
    "action_time": "2024-12-04T07:57:49.021Z",
    "user": [
      "vitya"
    ],
    "content_type": [
      "bunker_app",
      "logs"
    ],
    "object_id": "13",
    "object_repr": "drought",
    "action_flag": 1,
    "change_message": "[{\"added\": {}}]"
  }
},
{
  "model": "admin.logentry",
  "pk": 18,
  "fields": {
    "action_time": "2024-12-04T07:58:22.169Z",
    "user": [
      "vitya"
    ],
    "content_type": [
      "bunker_app",
      "logs"
    ],
    "object_id": "14",
    "object_repr": "aliens",
    "action_flag": 1,
    "change_message": "[{\"added\": {}}]"
  }
},
{
  "model": "admin.logentry",
  "pk": 19,
  "fields": {
    "action_time": "2024-12-04T08:01:32.429Z",
    "user": [
      "vitya"
    ],
    "content_type": [
      "bunker_app",
      "logs"
    ],
    "object_id": "15",
    "object_repr": "fatal_illness",
    "action_flag": 1,
    "change_message": "[{\"added\": {}}]"
  }
},
{
  "model": "admin.logentry",
  "pk": 20,
  "fields": {
    "action_time": "2024-12-04T08:02:09.587Z",
    "user": [
      "vitya"
    ],
    "content_type": [
      "bunker_app",
      "logs"
    ],
    "object_id": "16",
    "object_repr": "fatal_phobia",
    "action_flag": 1,
    "change_message": "[{\"added\": {}}]"
  }
},
{
  "model": "admin.logentry",
  "pk": 21,
  "fields": {
    "action_time": "2024-12-04T08:02:50.079Z",
    "user": [
      "vitya"
    ],
    "content_type": [
      "bunker_app",
      "logs"
    ],
    "object_id": "17",
    "object_repr": "schizophrenia",
    "action_flag": 1,
    "change_message": "[{\"added\": {}}]"
  }
},
{
  "model": "admin.logentry",
  "pk": 22,
  "fields": {
    "action_time": "2024-12-04T08:04:15.894Z",
    "user": [
      "vitya"
    ],
    "content_type": [
      "bunker_app",
      "logs"
    ],
    "object_id": "18",
    "object_repr": "infected_illness",
    "action_flag": 1,
    "change_message": "[{\"added\": {}}]"
  }
},
{
  "model": "admin.logentry",
  "pk": 23,
  "fields": {
    "action_time": "2024-12-04T09:13:00.032Z",
    "user": [
      "vitya"
    ],
    "content_type": [
      "bunker_app",
      "logs"
    ],
    "object_id": "10",
    "object_repr": "nuclear_winter_heal",
    "action_flag": 2,
    "change_message": "[{\"changed\": {\"fields\": [\"Occassion\"]}}]"
  }
},
{
  "model": "admin.logentry",
  "pk": 24,
  "fields": {
    "action_time": "2024-12-04T09:20:42.722Z",
    "user": [
      "vitya"
    ],
    "content_type": [
      "bunker_app",
      "logs"
    ],
    "object_id": "19",
    "object_repr": "survive_per_cent_0",
    "action_flag": 1,
    "change_message": "[{\"added\": {}}]"
  }
},
{
  "model": "admin.logentry",
  "pk": 25,
  "fields": {
    "action_time": "2024-12-04T09:21:36.182Z",
    "user": [
      "vitya"
    ],
    "content_type": [
      "bunker_app",
      "logs"
    ],
    "object_id": "20",
    "object_repr": "survive_per_cent",
    "action_flag": 1,
    "change_message": "[{\"added\": {}}]"
  }
},
{
  "model": "admin.logentry",
  "pk": 26,
  "fields": {
    "action_time": "2024-12-04T09:22:11.248Z",
    "user": [
      "vitya"
    ],
    "content_type": [
      "bunker_app",
      "logs"
    ],
    "object_id": "21",
    "object_repr": "bunker_alive",
    "action_flag": 1,
    "change_message": "[{\"added\": {}}]"
  }
},
{
  "model": "admin.logentry",
  "pk": 27,
  "fields": {
    "action_time": "2024-12-04T09:22:22.756Z",
    "user": [
      "vitya"
    ],
    "content_type": [
      "bunker_app",
      "logs"
    ],
    "object_id": "22",
    "object_repr": "bunker_dead",
    "action_flag": 1,
    "change_message": "[{\"added\": {}}]"
  }
},
{
  "model": "admin.logentry",
  "pk": 28,
  "fields": {
    "action_time": "2024-12-04T09:58:35.475Z",
    "user": [
      "vitya"
    ],
    "content_type": [
      "bunker_app",
      "logs"
    ],
    "object_id": "23",
    "object_repr": "breed_per_cent_0",
    "action_flag": 1,
    "change_message": "[{\"added\": {}}]"
  }
},
{
  "model": "admin.logentry",
  "pk": 29,
  "fields": {
    "action_time": "2024-12-04T09:59:16.310Z",
    "user": [
      "vitya"
    ],
    "content_type": [
      "bunker_app",
      "logs"
    ],
    "object_id": "24",
    "object_repr": "bunker_not_breed",
    "action_flag": 1,
    "change_message": "[{\"added\": {}}]"
  }
},
{
  "model": "admin.logentry",
  "pk": 30,
  "fields": {
    "action_time": "2024-12-04T10:01:08.170Z",
    "user": [
      "vitya"
    ],
    "content_type": [
      "bunker_app",
      "logs"
    ],
    "object_id": "25",
    "object_repr": "breed_per_cent",
    "action_flag": 1,
    "change_message": "[{\"added\": {}}]"
  }
},
{
  "model": "admin.logentry",
  "pk": 31,
  "fields": {
    "action_time": "2024-12-04T10:01:28.087Z",
    "user": [
      "vitya"
    ],
    "content_type": [
      "bunker_app",
      "logs"
    ],
    "object_id": "26",
    "object_repr": "bunker_breed",
    "action_flag": 1,
    "change_message": "[{\"added\": {}}]"
  }
}
]
